-- phpMyAdmin SQL Dump
-- version 5.2.1
-- https://www.phpmyadmin.net/
--
-- Servidor: 127.0.0.1
-- Tiempo de generación: 30-05-2024 a las 23:58:19
-- Versión del servidor: 10.4.32-MariaDB
-- Versión de PHP: 8.2.12

SET SQL_MODE = "NO_AUTO_VALUE_ON_ZERO";
START TRANSACTION;
SET time_zone = "+00:00";


/*!40101 SET @OLD_CHARACTER_SET_CLIENT=@@CHARACTER_SET_CLIENT */;
/*!40101 SET @OLD_CHARACTER_SET_RESULTS=@@CHARACTER_SET_RESULTS */;
/*!40101 SET @OLD_COLLATION_CONNECTION=@@COLLATION_CONNECTION */;
/*!40101 SET NAMES utf8mb4 */;

--
-- Base de datos: `tsoftec-sgcv`
--

-- --------------------------------------------------------

--
-- Estructura de tabla para la tabla `courses`
--

CREATE TABLE `courses` (
  `Cid` int(11) NOT NULL,
  `Mid` int(11) DEFAULT NULL,
  `Sid` int(11) DEFAULT NULL,
  `Kid` bigint(20) DEFAULT NULL,
  `Cstatus` tinyint(4) NOT NULL,
  `CdateCreated` timestamp NOT NULL DEFAULT current_timestamp(),
  `CdateUpdated` timestamp NOT NULL DEFAULT current_timestamp() ON UPDATE current_timestamp()
) ENGINE=InnoDB DEFAULT CHARSET=utf8mb4 COLLATE=utf8mb4_general_ci;

--
-- Volcado de datos para la tabla `courses`
--

INSERT INTO `courses` (`Cid`, `Mid`, `Sid`, `Kid`, `Cstatus`, `CdateCreated`, `CdateUpdated`) VALUES
(21, 6, 1, 3, 1, '2024-05-16 02:29:39', '2024-05-20 06:47:52'),
(22, 8, 2, 3, 1, '2024-05-16 03:10:38', '2024-05-29 04:26:49'),
(23, 6, 4, 3, 0, '2024-05-16 03:11:55', '2024-05-17 02:09:38'),
(24, 6, 5, 1, 1, '2024-05-16 03:16:43', '2024-05-19 22:32:21'),
(25, 6, 9, 1, 1, '2024-05-16 03:17:24', '2024-05-19 22:32:07'),
(26, 6, 10, 3, 1, '2024-05-16 03:17:59', '2024-05-17 02:08:44'),
(27, 6, 11, 3, 1, '2024-05-16 03:18:28', '2024-05-17 02:08:29'),
(28, 6, 13, 3, 1, '2024-05-16 03:18:54', '2024-05-17 02:08:19'),
(29, 6, 16, 3, 1, '2024-05-16 03:19:22', '2024-05-17 02:07:50'),
(30, 6, 17, 3, 1, '2024-05-16 03:19:57', '2024-05-17 02:07:34'),
(31, 6, 18, 3, 1, '2024-05-16 03:20:19', '2024-05-17 02:07:20'),
(32, 6, 19, 3, 1, '2024-05-16 03:20:48', '2024-05-17 02:07:08'),
(33, 6, 20, 3, 1, '2024-05-16 03:22:29', '2024-05-17 02:06:49'),
(34, 6, 21, 3, 1, '2024-05-16 03:23:11', '2024-05-17 02:06:36'),
(35, 6, 22, 3, 1, '2024-05-16 03:23:39', '2024-05-17 02:06:24'),
(36, 6, 23, 3, 0, '2024-05-16 03:24:07', '2024-05-17 02:06:10'),
(37, 6, 24, 3, 1, '2024-05-16 03:24:30', '2024-05-17 02:05:38'),
(38, 6, 26, 3, 1, '2024-05-16 03:24:59', '2024-05-17 02:05:12'),
(39, 6, 27, 3, 0, '2024-05-16 03:25:24', '2024-05-17 02:04:55'),
(40, 6, 30, 3, 1, '2024-05-16 03:25:49', '2024-05-17 02:04:10'),
(41, 6, 31, 3, 1, '2024-05-16 03:26:14', '2024-05-17 02:03:54'),
(42, 6, 33, 3, 1, '2024-05-16 03:26:36', '2024-05-17 02:17:41'),
(43, 6, 35, 3, 1, '2024-05-16 03:27:06', '2024-05-17 02:02:52'),
(44, 6, 36, 3, 1, '2024-05-16 03:27:36', '2024-05-17 02:15:14'),
(45, 6, 37, 3, 1, '2024-05-16 03:28:04', '2024-05-17 02:15:39'),
(46, 6, 14, 3, 1, '2024-05-17 02:12:42', '2024-05-17 02:12:42'),
(47, 6, 8, 3, 0, '2024-05-17 03:45:11', '2024-05-20 01:14:30'),
(48, 6, 29, 3, 1, '2024-05-17 03:47:29', '2024-05-17 03:47:29'),
(49, 6, 29, 3, 0, '2024-05-17 03:48:42', '2024-05-20 01:15:10'),
(52, 8, 1, 1, 1, '2024-05-29 03:47:05', '2024-05-29 04:25:57');

-- --------------------------------------------------------

--
-- Estructura de tabla para la tabla `course_info`
--

CREATE TABLE `course_info` (
  `CIid` int(11) NOT NULL,
  `Cid` int(11) NOT NULL,
  `CIprice` decimal(10,2) NOT NULL,
  `CIimage` varchar(255) DEFAULT NULL,
  `CIdescription` text NOT NULL,
  `CIdateCreated` timestamp NOT NULL DEFAULT current_timestamp(),
  `CIdateUpdated` timestamp NOT NULL DEFAULT current_timestamp() ON UPDATE current_timestamp()
) ENGINE=InnoDB DEFAULT CHARSET=utf8mb4 COLLATE=utf8mb4_general_ci;

--
-- Volcado de datos para la tabla `course_info`
--

INSERT INTO `course_info` (`CIid`, `Cid`, `CIprice`, `CIimage`, `CIdescription`, `CIdateCreated`, `CIdateUpdated`) VALUES
(1, 21, 40.00, 'ajedrez.jpeg', 'CURSO VACACIONAL 2024', '2024-05-16 02:29:39', '2024-05-20 06:47:52'),
(2, 22, 30.00, 'atletismo.jpeg', 'CURSO VACACIONAL 2024\r\n', '2024-05-16 03:10:38', '2024-05-29 04:26:49'),
(3, 23, 35.00, 'TSoftec.png', 'CURSO VACACIONAL', '2024-05-16 03:11:55', '2024-05-17 02:09:39'),
(4, 24, 65.00, 'baloncesto.jpeg', 'CURSO VACACIONAL\r\n', '2024-05-16 03:16:43', '2024-05-17 02:09:14'),
(5, 25, 40.00, 'boxeo.jpeg', 'CURSO VACACIONAL', '2024-05-16 03:17:24', '2024-05-17 02:09:00'),
(6, 26, 50.00, 'ciclismo.jpeg', 'CURSO VACACIONAL', '2024-05-16 03:17:59', '2024-05-17 02:08:44'),
(7, 27, 20.00, 'ecuavoley.jpeg', 'CURSO VACACIONAL', '2024-05-16 03:18:28', '2024-05-17 02:08:29'),
(8, 28, 30.00, 'escalada.jpeg', 'CURSO VACACIONAL', '2024-05-16 03:18:54', '2024-05-17 02:08:19'),
(9, 29, 45.00, 'futbol.jpeg', 'CURSO VACACIONAL', '2024-05-16 03:19:22', '2024-05-17 02:07:50'),
(10, 30, 30.00, 'gimnasia-artistica.jpeg', 'CURSO VACACIONAL', '2024-05-16 03:19:57', '2024-05-17 02:07:34'),
(11, 31, 50.00, 'gimnasia-ritmica.jpeg', 'CURSO VACACIONAL', '2024-05-16 03:20:19', '2024-05-17 02:07:20'),
(12, 32, 60.00, 'patinaje.jpeg', 'CURSO VACACIONAL', '2024-05-16 03:20:48', '2024-05-17 02:07:08'),
(13, 33, 35.00, 'judo.jpeg', 'CURSO VACACIONAL', '2024-05-16 03:22:29', '2024-05-17 02:06:49'),
(14, 34, 35.00, 'karate-do.jpeg', 'CURSO VACACIONAL', '2024-05-16 03:23:11', '2024-05-17 02:06:36'),
(15, 35, 45.00, 'kick-boxing.jpeg', 'CURSO VACACIONAL', '2024-05-16 03:23:39', '2024-05-17 02:06:24'),
(16, 36, 25.00, 'TSoftec.png', 'CURSO VACACIONAL', '2024-05-16 03:24:07', '2024-05-17 02:06:10'),
(17, 37, 30.00, 'lucha-olimpica.jpeg', 'CURSO VACACIONAL', '2024-05-16 03:24:30', '2024-05-17 02:05:38'),
(18, 38, 60.00, 'natacion.jpeg', 'CURSO VACACIONAL\r\n', '2024-05-16 03:24:59', '2024-05-17 02:05:12'),
(19, 39, 30.00, 'TSoftec.png', 'CURSO VACACIONAL', '2024-05-16 03:25:24', '2024-05-17 02:04:55'),
(20, 40, 50.00, 'squash.jpeg', 'CURSO VACACIONAL', '2024-05-16 03:25:49', '2024-05-17 02:04:10'),
(21, 41, 45.00, 'taekwondo.jpeg', 'CURSO VACACIONAL', '2024-05-16 03:26:14', '2024-05-17 02:03:54'),
(22, 42, 30.00, 'tenis-de-mesa.jpeg', 'CURSO VACACIONAL\r\n', '2024-05-16 03:26:36', '2024-05-17 02:17:41'),
(23, 43, 40.00, 'tiro-olimpico.jpeg', 'CURSO VACACIONAL', '2024-05-16 03:27:07', '2024-05-17 02:02:52'),
(24, 44, 65.00, 'voleibol.jpeg', 'CURSO VACACIONAL', '2024-05-16 03:27:36', '2024-05-17 02:15:14'),
(25, 45, 30.00, 'wushu.jpeg', 'CURSO VACACIONAL', '2024-05-16 03:28:04', '2024-05-17 02:15:39'),
(26, 46, 40.00, 'esgrima.jpeg', 'EL', '2024-05-17 02:12:42', '2024-05-17 02:12:42'),
(27, 47, 10.00, 'TSoftec.png', 'DASDRT', '2024-05-17 03:45:11', '2024-05-20 01:14:30'),
(28, 49, 20.00, 'TSoftec.png', 'PASDLI', '2024-05-17 03:48:42', '2024-05-20 01:15:10'),
(31, 52, 10.00, 'Mantenimiento.jpeg', '123123123123', '2024-05-29 03:47:05', '2024-05-29 04:00:29');

-- --------------------------------------------------------

--
-- Estructura de tabla para la tabla `discounts`
--

CREATE TABLE `discounts` (
  `Did` int(11) NOT NULL,
  `Dpercentage` varchar(10) NOT NULL,
  `Dvalue` decimal(10,2) NOT NULL,
  `Ddescription` varchar(250) DEFAULT NULL,
  `Dstatus` int(3) NOT NULL,
  `DdateCreated` timestamp NOT NULL DEFAULT current_timestamp(),
  `DdateUpdated` timestamp NOT NULL DEFAULT current_timestamp()
) ENGINE=InnoDB DEFAULT CHARSET=utf8mb4 COLLATE=utf8mb4_general_ci;

--
-- Volcado de datos para la tabla `discounts`
--

INSERT INTO `discounts` (`Did`, `Dpercentage`, `Dvalue`, `Ddescription`, `Dstatus`, `DdateCreated`, `DdateUpdated`) VALUES
(1, '0', 0.00, 'Descuento', 1, '2024-05-05 15:51:40', '2024-05-05 15:51:40'),
(2, '10', 0.10, 'Descuento por registrarse en el modulo 2', 1, '2024-05-14 04:12:13', '2024-05-14 04:12:13'),
(3, '10', 0.10, 'Descuento por no adquirir el kit deportivo', 1, '2024-05-14 04:12:42', '2024-05-14 04:12:42'),
(4, '50', 0.50, 'Descuento por discapacidad', 1, '2024-05-14 04:12:58', '2024-05-14 04:12:58'),
(5, '50', 0.50, 'Descuento por hijo de trabajadores de la CDP', 1, '2024-05-14 04:13:19', '2024-05-14 04:13:19'),
(6, '10', 0.10, 'Descuento por hermanos', 1, '2024-05-14 04:13:46', '2024-05-14 04:13:46');

-- --------------------------------------------------------

--
-- Estructura de tabla para la tabla `inscription_types`
--

CREATE TABLE `inscription_types` (
  `ITid` int(11) NOT NULL,
  `ITname` varchar(50) NOT NULL,
  `ITdateCreated` timestamp NOT NULL DEFAULT current_timestamp(),
  `ITdateUpdated` timestamp NOT NULL DEFAULT current_timestamp()
) ENGINE=InnoDB DEFAULT CHARSET=utf8mb4 COLLATE=utf8mb4_general_ci;

--
-- Volcado de datos para la tabla `inscription_types`
--

INSERT INTO `inscription_types` (`ITid`, `ITname`, `ITdateCreated`, `ITdateUpdated`) VALUES
(1, 'ONLINE', '2024-05-29 00:57:43', '2024-05-29 00:57:43'),
(2, 'PRESENCIAL', '2024-05-29 00:57:49', '2024-05-29 00:57:49');

-- --------------------------------------------------------

--
-- Estructura de tabla para la tabla `invoice`
--

CREATE TABLE `invoice` (
  `Iid` bigint(20) NOT NULL,
  `Uid` int(3) NOT NULL,
  `Cid` int(3) NOT NULL,
  `Did` int(3) DEFAULT NULL,
  `QHid` int(3) NOT NULL,
  `PTid` int(3) NOT NULL,
  `ITid` int(3) NOT NULL,
  `KDid` int(3) NOT NULL,
  `Ibanco` varchar(50) DEFAULT NULL,
  `Ivoucher` varchar(100) DEFAULT NULL,
  `Ivoucher_number` varchar(13) DEFAULT NULL,
  `Idate` varchar(50) DEFAULT NULL,
  `Iterm_condition` varchar(5) NOT NULL DEFAULT 'SI',
  `PSid` int(3) NOT NULL,
  `IdateCreated` timestamp NOT NULL DEFAULT current_timestamp(),
  `IdateUpdated` timestamp NOT NULL DEFAULT current_timestamp() ON UPDATE current_timestamp()
) ENGINE=InnoDB DEFAULT CHARSET=utf8mb4 COLLATE=utf8mb4_general_ci;

--
-- Volcado de datos para la tabla `invoice`
--

INSERT INTO `invoice` (`Iid`, `Uid`, `Cid`, `Did`, `QHid`, `PTid`, `ITid`, `KDid`, `Ibanco`, `Ivoucher`, `Ivoucher_number`, `Idate`, `Iterm_condition`, `PSid`, `IdateCreated`, `IdateUpdated`) VALUES
(1, 1, 24, 1, 16, 1, 1, 1, 'Banco del Austro', 'FbWKZi9WQAEUyun.jpg', '34534534', '2024-05-28', 'SI', 2, '2024-05-29 01:20:57', '2024-05-29 04:49:00'),
(2, 1, 25, 1, 17, 1, 1, 1, 'Banco del Austro', 'FbWKZi9WQAEUyun.jpg', '23423432', '2024-05-28', 'SI', 2, '2024-05-29 01:27:35', '2024-05-29 04:49:07'),
(3, 1, 21, 1, 13, 1, 1, 1, 'Banco del Austro', 'FbWKZi9WQAEUyun.jpg', '34534534', '2024-05-28', 'SI', 2, '2024-05-29 01:37:30', '2024-05-29 04:49:10'),
(5, 1, 21, 1, 51, 1, 1, 1, 'Banco del Austro', 'FbWKZi9WQAEUyun.jpg', '234234234', '2024-05-28', 'SI', 2, '2024-05-29 01:43:02', '2024-05-29 04:49:14'),
(6, 1, 22, 1, 14, 1, 1, 1, 'Banco Guayaquil', 'FbWKZi9WQAEUyun.jpg', '34534534', '2024-05-28', 'SI', 2, '2024-05-29 01:43:44', '2024-05-29 04:49:18'),
(7, 1, 26, 1, 18, 1, 1, 1, 'Banco del Austro', 'FbWKZi9WQAEUyun.jpg', '34534534', '2024-05-28', 'SI', 2, '2024-05-29 01:44:19', '2024-05-29 04:49:21'),
(8, 2, 21, 1, 51, 1, 1, 1, 'Banco del Austro', 'FbWKZi9WQAEUyun.jpg', '234234', '2024-05-28', 'SI', 2, '2024-05-29 01:52:49', '2024-05-29 04:49:24'),
(9, 1, 25, 1, 17, 1, 1, 1, 'Banco del Austro', 'Untitled 1.png', '34534534', '2024-05-15', 'SI', 2, '2024-05-30 03:41:13', '2024-05-30 03:41:13'),
(10, 1, 21, 1, 13, 1, 1, 1, 'Banco Guayaquil', 'Refencia-0.png', '345435', '2024-05-23', 'SI', 2, '2024-05-30 14:03:44', '2024-05-30 14:03:44'),
(11, 1, 21, 1, 13, 1, 1, 1, 'Banco Guayaquil', 'WhatsApp Image 2024-05-27 at 12.46.40 PM (1).jpeg', '34345', '2024-10-18', 'SI', 2, '2024-05-30 14:46:51', '2024-05-30 14:46:51');

-- --------------------------------------------------------

--
-- Estructura de tabla para la tabla `invoice_data`
--

CREATE TABLE `invoice_data` (
  `IDid` bigint(20) NOT NULL,
  `Uid` int(3) DEFAULT NULL,
  `IDname` varchar(100) NOT NULL,
  `IDlastname` varchar(100) NOT NULL,
  `IDruc` varchar(13) NOT NULL,
  `IDemail` varchar(50) NOT NULL,
  `IDphone` varchar(13) NOT NULL,
  `IDcanton` varchar(13) NOT NULL,
  `IDdateCreated` timestamp NOT NULL DEFAULT current_timestamp(),
  `IDdateUpdated` timestamp NOT NULL DEFAULT current_timestamp()
) ENGINE=InnoDB DEFAULT CHARSET=utf8mb4 COLLATE=utf8mb4_general_ci;

--
-- Volcado de datos para la tabla `invoice_data`
--

INSERT INTO `invoice_data` (`IDid`, `Uid`, `IDname`, `IDlastname`, `IDruc`, `IDemail`, `IDphone`, `IDcanton`, `IDdateCreated`, `IDdateUpdated`) VALUES
(1, 1, 'EDWIN DANIE', 'VALENCIA MARTINE', '0504053210', 'edanielvalencia@gmail.com', '0995411580', 'GUAMANÍ', '2024-05-19 17:32:36', '2024-05-19 17:32:36'),
(2, 2, 'ROBERTO CARLOS', 'GUAMAN GONZALES', '0504053219', 'roberto@gmail.com', '0994053210', 'CARCELÉN', '2024-05-19 21:15:05', '2024-05-19 21:15:05'),
(3, 41, 'CLIENTE', 'TSOFTEC', 'cliente@tsoft', '0504053216', '0995411589', 'CARCELÉN', '2024-05-20 03:36:02', '2024-05-20 03:36:02');

-- --------------------------------------------------------

--
-- Estructura de tabla para la tabla `kits`
--

CREATE TABLE `kits` (
  `Kid` bigint(20) NOT NULL,
  `Kname` varchar(100) NOT NULL,
  `Kstatus` int(3) NOT NULL,
  `KdateCreated` timestamp NOT NULL DEFAULT current_timestamp(),
  `KdateUpdated` timestamp NOT NULL DEFAULT current_timestamp()
) ENGINE=InnoDB DEFAULT CHARSET=utf8mb4 COLLATE=utf8mb4_general_ci;

--
-- Volcado de datos para la tabla `kits`
--

INSERT INTO `kits` (`Kid`, `Kname`, `Kstatus`, `KdateCreated`, `KdateUpdated`) VALUES
(1, 'CAMISETAS Y BALON', 1, '2024-05-19 00:11:11', '2024-05-19 00:12:58'),
(2, 'CAMISETA Y ZAPATILLAS', 1, '2024-05-19 00:13:09', '2024-05-19 00:13:09'),
(3, 'CAMISETA', 1, '2024-05-19 00:13:14', '2024-05-19 00:13:14');

-- --------------------------------------------------------

--
-- Estructura de tabla para la tabla `kit_delivery`
--

CREATE TABLE `kit_delivery` (
  `KDid` int(3) NOT NULL,
  `KDcodigo` int(3) NOT NULL,
  `KDname` varchar(20) NOT NULL,
  `KDcolor` varchar(15) NOT NULL
) ENGINE=InnoDB DEFAULT CHARSET=utf8mb4 COLLATE=utf8mb4_general_ci;

--
-- Volcado de datos para la tabla `kit_delivery`
--

INSERT INTO `kit_delivery` (`KDid`, `KDcodigo`, `KDname`, `KDcolor`) VALUES
(1, 0, 'Pendiente', 'warning'),
(2, 1, 'Entregado', 'primary');

-- --------------------------------------------------------

--
-- Estructura de tabla para la tabla `login_history`
--

CREATE TABLE `login_history` (
  `LHid` int(11) NOT NULL,
  `Uid` int(11) DEFAULT NULL,
  `LHloginTime` timestamp NOT NULL DEFAULT current_timestamp()
) ENGINE=InnoDB DEFAULT CHARSET=utf8mb4 COLLATE=utf8mb4_general_ci;

--
-- Volcado de datos para la tabla `login_history`
--

INSERT INTO `login_history` (`LHid`, `Uid`, `LHloginTime`) VALUES
(1, 1, '2024-04-25 04:04:44'),
(2, 1, '2024-04-25 04:04:44'),
(3, 1, '2024-04-25 04:05:14'),
(4, 1, '2024-04-25 04:05:14'),
(5, 2, '2024-04-25 04:06:43'),
(6, 2, '2024-04-25 04:06:43'),
(7, 2, '2024-04-25 04:06:49'),
(8, 2, '2024-04-25 04:06:49'),
(9, 1, '2024-04-25 04:08:06'),
(10, 1, '2024-04-25 04:08:06'),
(11, 2, '2024-04-25 04:09:41'),
(12, 1, '2024-04-25 04:12:25'),
(13, 1, '2024-04-27 19:30:40'),
(14, 1, '2024-04-28 03:12:22'),
(15, 1, '2024-04-28 03:14:48'),
(16, 1, '2024-04-28 04:10:52'),
(17, 1, '2024-04-28 05:21:46'),
(18, 1, '2024-04-28 05:29:41'),
(19, 1, '2024-04-28 14:47:27'),
(20, 1, '2024-04-28 16:58:56'),
(21, 1, '2024-04-28 17:32:19'),
(22, 1, '2024-04-29 13:04:28'),
(23, 1, '2024-04-29 22:36:08'),
(24, 1, '2024-04-29 23:47:48'),
(25, 1, '2024-04-30 22:21:50'),
(26, 1, '2024-04-30 22:25:58'),
(27, 1, '2024-05-01 14:32:10'),
(28, 1, '2024-05-01 14:46:22'),
(29, 1, '2024-05-01 14:51:54'),
(30, 1, '2024-05-02 03:28:04'),
(31, 1, '2024-05-03 01:43:20'),
(32, 1, '2024-05-03 02:48:19'),
(33, 1, '2024-05-03 02:59:29'),
(34, 1, '2024-05-04 00:11:28'),
(35, 1, '2024-05-04 16:04:27'),
(36, 1, '2024-05-04 16:53:05'),
(37, 1, '2024-05-05 02:42:14'),
(38, 1, '2024-05-05 14:07:42'),
(39, 1, '2024-05-05 17:50:56'),
(40, 1, '2024-05-06 02:29:10'),
(41, 1, '2024-05-07 13:54:18'),
(42, 1, '2024-05-07 21:17:59'),
(43, 1, '2024-05-11 03:06:06'),
(44, 1, '2024-05-11 03:13:49'),
(45, 1, '2024-05-11 22:07:21'),
(46, 1, '2024-05-12 14:29:45'),
(47, 1, '2024-05-14 02:18:33'),
(48, 1, '2024-05-14 03:29:51'),
(49, 1, '2024-05-14 03:33:19'),
(50, 1, '2024-05-14 04:27:25'),
(51, 1, '2024-05-16 02:04:58'),
(52, 1, '2024-05-17 01:26:32'),
(53, 1, '2024-05-18 13:46:02'),
(54, 1, '2024-05-18 23:49:44'),
(55, 1, '2024-05-19 04:47:10'),
(56, 1, '2024-05-19 04:51:22'),
(57, 2, '2024-05-19 17:43:32'),
(58, 1, '2024-05-19 17:44:24'),
(59, 40, '2024-05-19 23:00:34'),
(60, 1, '2024-05-20 01:14:09'),
(61, 1, '2024-05-20 02:44:04'),
(62, 41, '2024-05-20 03:24:41'),
(63, 41, '2024-05-20 05:14:05'),
(64, 1, '2024-05-22 02:30:24'),
(65, 1, '2024-05-22 02:31:23'),
(66, 1, '2024-05-28 01:42:07'),
(67, 1, '2024-05-29 00:10:33'),
(68, 2, '2024-05-29 01:50:26'),
(69, 1, '2024-05-29 01:50:55'),
(70, 1, '2024-05-29 04:06:46'),
(71, 1, '2024-05-30 00:19:37'),
(72, 1, '2024-05-30 14:45:33'),
(73, 2, '2024-05-30 14:49:32'),
(74, 1, '2024-05-30 19:34:41');

-- --------------------------------------------------------

--
-- Estructura de tabla para la tabla `modules`
--

CREATE TABLE `modules` (
  `Mid` int(11) NOT NULL,
  `Mname` varchar(20) NOT NULL,
  `Mdescription` varchar(250) NOT NULL,
  `Mimage` varchar(250) DEFAULT NULL,
  `Mstart` date NOT NULL,
  `Mend` date NOT NULL,
  `Myear` year(4) NOT NULL,
  `Mstatus` int(3) NOT NULL,
  `MdateCreated` timestamp NOT NULL DEFAULT current_timestamp(),
  `MdateUpdated` timestamp NOT NULL DEFAULT current_timestamp()
) ENGINE=InnoDB DEFAULT CHARSET=utf8mb4 COLLATE=utf8mb4_general_ci;

--
-- Volcado de datos para la tabla `modules`
--

INSERT INTO `modules` (`Mid`, `Mname`, `Mdescription`, `Mimage`, `Mstart`, `Mend`, `Myear`, `Mstatus`, `MdateCreated`, `MdateUpdated`) VALUES
(6, 'MODULO 1', 'EL CURSO VACACIONAL 2024 ESTA IMPARTIENDO SUS CLASES DESDE EL 01 AL 19 DE JULIO', 'Modulo 1.jpg', '2024-05-20', '2024-05-31', '2024', 1, '2024-05-14 02:21:37', '2024-05-16 02:39:21'),
(7, 'MODULO 2', 'EL CURSO VACACIONAL 2024 ESTA IMPARTIENDO SUS CLASES DESDE EL 22 DE JULIO AL 09 DE AGOSTO', 'Modulo 2.jpeg', '2024-07-22', '2024-07-22', '2024', 1, '2024-05-16 02:38:57', '2024-05-17 01:58:11'),
(8, 'MODULO 3', 'EL CURSO VACACIONAL 2024 ESTA IMPARTIENDO SUS CLASES DESDE EL 12 AL 30 DE AGOSTO', 'default.png', '2024-08-12', '2024-08-30', '2024', 1, '2024-05-16 02:50:21', '2024-05-16 02:50:21');

-- --------------------------------------------------------

--
-- Estructura de tabla para la tabla `payment_status`
--

CREATE TABLE `payment_status` (
  `PSid` int(3) NOT NULL,
  `PScodigo` int(3) NOT NULL,
  `PSname` varchar(20) NOT NULL,
  `PScolor` varchar(15) NOT NULL
) ENGINE=InnoDB DEFAULT CHARSET=utf8mb4 COLLATE=utf8mb4_general_ci;

--
-- Volcado de datos para la tabla `payment_status`
--

INSERT INTO `payment_status` (`PSid`, `PScodigo`, `PSname`, `PScolor`) VALUES
(1, 0, 'Rechazado', 'danger'),
(2, 1, 'Pendiente', 'warning'),
(3, 2, 'Aprobado', 'primary');

-- --------------------------------------------------------

--
-- Estructura de tabla para la tabla `payment_types`
--

CREATE TABLE `payment_types` (
  `PTid` int(3) NOT NULL,
  `TPname` varchar(50) NOT NULL,
  `TPdateCreated` timestamp NOT NULL DEFAULT current_timestamp(),
  `TPdateUpdated` timestamp NOT NULL DEFAULT current_timestamp()
) ENGINE=InnoDB DEFAULT CHARSET=utf8mb4 COLLATE=utf8mb4_general_ci;

--
-- Volcado de datos para la tabla `payment_types`
--

INSERT INTO `payment_types` (`PTid`, `TPname`, `TPdateCreated`, `TPdateUpdated`) VALUES
(1, 'Transferencia', '2024-05-22 03:05:52', '2024-05-22 03:05:52'),
(2, 'Deposito', '2024-05-22 03:07:13', '2024-05-22 03:07:13');

-- --------------------------------------------------------

--
-- Estructura de tabla para la tabla `permissions`
--

CREATE TABLE `permissions` (
  `Pid` int(11) NOT NULL,
  `Pname` varchar(50) DEFAULT NULL,
  `Pdescription` varchar(255) DEFAULT NULL,
  `Pstatus` int(1) NOT NULL DEFAULT 1,
  `PdateCreated` timestamp NOT NULL DEFAULT current_timestamp(),
  `PdateUpdated` timestamp NOT NULL DEFAULT current_timestamp() ON UPDATE current_timestamp()
) ENGINE=InnoDB DEFAULT CHARSET=utf8mb4 COLLATE=utf8mb4_general_ci;

--
-- Volcado de datos para la tabla `permissions`
--

INSERT INTO `permissions` (`Pid`, `Pname`, `Pdescription`, `Pstatus`, `PdateCreated`, `PdateUpdated`) VALUES
(1, 'home', 'Permiso para acceder a la página de inicio', 1, '2024-03-29 23:45:51', '2024-05-03 03:20:51'),
(2, 'auth-logout', 'Permiso para cerrar sesión', 1, '2024-03-29 23:45:51', '2024-05-03 03:21:13'),
(3, 'auth-signup', 'Permiso para registrarse', 1, '2024-03-29 23:45:51', '2024-04-27 22:44:08'),
(4, 'user-add', 'Permiso para agregar usuario', 1, '2024-03-29 23:45:51', '2024-04-27 22:44:02'),
(5, 'user-list', 'Permiso para ver lista de usuarios', 1, '2024-03-29 23:45:51', '2024-03-29 23:45:51'),
(6, 'user-detail', 'Permiso para ver detalle de usuario', 1, '2024-03-29 23:45:51', '2024-03-29 23:45:51'),
(7, 'user-profile', 'Permiso para ver perfil de usuario', 1, '2024-03-29 23:45:51', '2024-03-29 23:45:51'),
(8, 'user-delete', 'Permiso para editar perfil de usuario', 1, '2024-03-29 23:45:51', '2024-04-19 19:30:45'),
(9, 'user-edit', 'Permiso para agregar rol', 1, '2024-03-29 23:45:51', '2024-04-19 19:26:26'),
(10, 'role-list', 'Permiso para ver lista de roles', 1, '2024-03-29 23:45:51', '2024-03-29 23:45:51'),
(11, 'home-tsoftec', NULL, 1, '2024-03-30 20:12:19', '2024-04-29 03:38:43'),
(12, 'home-seller', NULL, 1, '2024-03-31 03:21:36', '2024-04-01 02:57:54'),
(13, 'home-administrator', NULL, 1, '2024-03-31 03:22:49', '2024-04-01 02:58:00'),
(14, 'home-store', NULL, 1, '2024-03-31 03:22:49', '2024-04-01 02:58:07'),
(15, 'home-supervisor', NULL, 1, '2024-03-31 03:22:49', '2024-04-01 02:58:31'),
(16, 'permission-list', NULL, 1, '2024-03-31 03:22:49', '2024-04-02 04:23:56'),
(17, 'permission-modal', NULL, 1, '2024-04-02 04:24:13', '2024-04-02 04:24:13'),
(18, 'permission-role', NULL, 1, '2024-04-04 04:52:48', '2024-04-04 04:53:39'),
(19, 'category-list', NULL, 1, '2024-04-28 01:10:48', '2024-04-28 01:56:01'),
(20, 'product-add', NULL, 1, '2024-04-28 01:10:56', '2024-04-29 01:45:00'),
(21, 'product-delete', NULL, 1, '2024-04-28 01:11:01', '2024-05-03 03:20:33'),
(22, 'product-list', NULL, 1, '2024-04-29 01:30:14', '2024-04-29 03:38:31'),
(23, 'sport-list', NULL, 1, '2024-05-01 15:04:52', '2024-05-01 15:04:52'),
(24, 'sport-add', NULL, 1, '2024-05-01 15:05:06', '2024-05-02 04:44:51'),
(25, 'sport-edit', NULL, 1, '2024-05-01 15:08:25', '2024-05-02 04:45:02'),
(26, 'sport-delete', NULL, 1, '2024-05-02 04:43:25', '2024-05-02 04:45:10'),
(27, 'hour-list', NULL, 1, '2024-05-02 04:43:39', '2024-05-02 04:47:27'),
(28, 'hour-add', NULL, 1, '2024-05-02 04:43:49', '2024-05-02 04:47:33'),
(29, 'hour-edit', NULL, 1, '2024-05-02 04:47:57', '2024-05-02 04:47:57'),
(30, 'hour-delete', NULL, 1, '2024-05-02 04:48:05', '2024-05-02 04:48:05'),
(31, 'module-list', NULL, 1, '2024-05-02 04:48:15', '2024-05-04 01:07:42'),
(32, 'module-edit', NULL, 1, '2024-05-04 01:07:57', '2024-05-04 01:07:57'),
(33, 'module-add', NULL, 1, '2024-05-04 01:08:12', '2024-05-04 01:08:12'),
(34, 'module-delete', NULL, 1, '2024-05-04 01:08:19', '2024-05-04 01:08:19'),
(35, 'quota-list', NULL, 1, '2024-05-04 19:26:55', '2024-05-04 19:48:17'),
(36, 'quota-add', NULL, 1, '2024-05-04 19:49:13', '2024-05-04 19:49:13'),
(37, 'quota-edit', NULL, 1, '2024-05-04 19:49:21', '2024-05-04 19:49:21'),
(38, 'quota-delete', NULL, 1, '2024-05-04 19:49:29', '2024-05-04 19:49:29'),
(39, 'course-available-detail', NULL, 1, '2024-05-05 00:13:15', '2024-05-16 05:05:30'),
(40, 'course-available', NULL, 1, '2024-05-05 00:13:21', '2024-05-05 22:13:23'),
(41, 'price-edit', NULL, 1, '2024-05-05 00:13:28', '2024-05-05 00:13:28'),
(42, 'price-delete', NULL, 1, '2024-05-05 00:13:34', '2024-05-05 00:13:34'),
(43, 'course-list', NULL, 1, '2024-05-05 00:38:44', '2024-05-05 00:38:44'),
(44, 'course-add', NULL, 1, '2024-05-05 00:38:50', '2024-05-05 00:38:50'),
(45, 'course-edit', NULL, 1, '2024-05-05 00:38:56', '2024-05-05 00:38:56'),
(46, 'course-delete', NULL, 1, '2024-05-05 00:39:02', '2024-05-05 00:39:02'),
(47, 'discount-list', NULL, 1, '2024-05-05 15:29:36', '2024-05-05 15:29:36'),
(48, 'discount-add', NULL, 1, '2024-05-05 15:29:47', '2024-05-05 15:29:47'),
(49, 'discount-edit', NULL, 1, '2024-05-05 15:29:52', '2024-05-05 15:29:52'),
(50, 'discount-delete', NULL, 1, '2024-05-05 15:29:57', '2024-05-05 15:29:57'),
(51, 'course-detail', NULL, 1, '2024-05-07 22:36:01', '2024-05-10 04:24:50'),
(52, 'course-quota-hour', NULL, 1, '2024-05-11 22:26:21', '2024-05-11 22:26:21'),
(53, 'course-quota-hour-edit', NULL, 1, '2024-05-14 03:20:58', '2024-05-14 03:20:58'),
(54, 'course-quota-hour-delete', NULL, 1, '2024-05-14 03:21:12', '2024-05-14 03:21:12'),
(55, 'register-list', NULL, 1, '2024-05-14 03:22:09', '2024-05-14 03:22:09'),
(56, 'scenery-list', NULL, 1, '2024-05-17 02:36:56', '2024-05-17 02:36:56'),
(57, 'scenery-add', NULL, 1, '2024-05-17 02:37:09', '2024-05-17 02:37:09'),
(58, 'scenery-edit', NULL, 1, '2024-05-17 02:37:16', '2024-05-17 02:37:16'),
(59, 'scenery-delete', NULL, 1, '2024-05-17 02:37:22', '2024-05-17 02:37:22'),
(60, 'scenery-detail', NULL, 1, '2024-05-17 02:37:44', '2024-05-17 02:37:44'),
(61, 'course-order-process', NULL, 1, '2024-05-18 17:59:53', '2024-05-18 17:59:53'),
(62, 'kit-list', NULL, 1, '2024-05-18 23:56:45', '2024-05-18 23:56:45'),
(63, 'kit-add', NULL, 1, '2024-05-18 23:56:56', '2024-05-18 23:56:56'),
(64, 'kit-edit', NULL, 1, '2024-05-18 23:57:05', '2024-05-18 23:57:05'),
(65, 'kit-delete', NULL, 1, '2024-05-18 23:57:14', '2024-05-18 23:57:14'),
(66, 'order-process', NULL, 1, '2024-05-19 15:17:17', '2024-05-19 15:17:17'),
(67, 'invoice-data', NULL, 1, '2024-05-19 17:19:19', '2024-05-19 17:19:19'),
(68, 'invoice-edit', NULL, 1, '2024-05-19 17:19:32', '2024-05-19 17:45:16'),
(69, 'invoice-add', NULL, 1, '2024-05-19 17:19:43', '2024-05-19 17:45:21'),
(70, 'discount-view-select', NULL, 1, '2024-05-19 22:57:43', '2024-05-19 22:57:43'),
(71, 'button-invoice-data', NULL, 1, '2024-05-19 23:15:13', '2024-05-19 23:15:13'),
(72, 'user-profile-edit', NULL, 1, '2024-05-19 23:44:24', '2024-05-19 23:44:24'),
(73, 'user-rol-edit', NULL, 1, '2024-05-20 03:38:33', '2024-05-20 03:38:33'),
(74, 'pos-web', NULL, 1, '2024-05-20 03:45:24', '2024-05-20 03:45:24'),
(75, 'invoice-my-course', NULL, 1, '2024-05-28 01:46:11', '2024-05-28 01:50:18'),
(76, 'invoice-my-course-detail', NULL, 1, '2024-05-29 02:45:11', '2024-05-29 02:45:11'),
(77, 'invoice-my-voucher', NULL, 1, '2024-05-29 05:30:33', '2024-05-29 05:30:33'),
(78, 'comprobantes', NULL, 1, '2024-05-29 05:57:54', '2024-05-29 05:57:54'),
(79, 'invoice-my-course-edit', NULL, 1, '2024-05-30 02:47:44', '2024-05-30 02:47:44'),
(80, 'invoice-my-course-delete', NULL, 1, '2024-05-30 02:48:05', '2024-05-30 02:48:05'),
(81, 'invoice-my-course-print', NULL, 1, '2024-05-30 02:50:07', '2024-05-30 02:50:07'),
(82, 'course-terms-conditions', NULL, 1, '2024-05-30 03:20:06', '2024-05-30 03:20:06'),
(83, 'pos-my-register', NULL, 1, '2024-05-30 21:00:42', '2024-05-30 21:00:42');

-- --------------------------------------------------------

--
-- Estructura de tabla para la tabla `quota_hour`
--

CREATE TABLE `quota_hour` (
  `QHid` int(11) NOT NULL,
  `Cid` int(11) NOT NULL,
  `Eid` int(11) NOT NULL,
  `QHquota` int(11) NOT NULL,
  `QHstart` time NOT NULL,
  `QHend` time NOT NULL,
  `QHdateCreated` timestamp NOT NULL DEFAULT current_timestamp(),
  `QHdateUpdated` timestamp NOT NULL DEFAULT current_timestamp() ON UPDATE current_timestamp()
) ENGINE=InnoDB DEFAULT CHARSET=utf8mb4 COLLATE=utf8mb4_general_ci;

--
-- Volcado de datos para la tabla `quota_hour`
--

INSERT INTO `quota_hour` (`QHid`, `Cid`, `Eid`, `QHquota`, `QHstart`, `QHend`, `QHdateCreated`, `QHdateUpdated`) VALUES
(13, 21, 14, 37, '08:00:00', '10:00:00', '2024-05-16 02:29:39', '2024-05-30 14:46:51'),
(14, 22, 1, 39, '08:00:00', '10:00:00', '2024-05-16 03:10:38', '2024-05-29 01:43:44'),
(15, 23, 1, 30, '11:00:00', '12:00:00', '2024-05-16 03:11:55', '2024-05-16 03:11:55'),
(16, 24, 1, 30, '10:00:00', '11:00:00', '2024-05-16 03:16:43', '2024-05-16 03:16:43'),
(17, 25, 1, 19, '09:00:00', '10:00:00', '2024-05-16 03:17:24', '2024-05-30 03:41:13'),
(18, 26, 1, 29, '10:00:00', '11:00:00', '2024-05-16 03:17:59', '2024-05-29 01:44:19'),
(19, 27, 1, 30, '10:00:00', '11:00:00', '2024-05-16 03:18:28', '2024-05-16 03:18:28'),
(20, 28, 1, 20, '11:00:00', '12:00:00', '2024-05-16 03:18:54', '2024-05-16 03:18:54'),
(21, 29, 1, 30, '10:00:00', '11:00:00', '2024-05-16 03:19:22', '2024-05-16 03:19:22'),
(22, 30, 1, 70, '08:00:00', '09:00:00', '2024-05-16 03:19:57', '2024-05-16 03:19:57'),
(23, 31, 1, 70, '08:00:00', '09:00:00', '2024-05-16 03:20:19', '2024-05-16 03:20:19'),
(24, 32, 1, 70, '09:00:00', '10:00:00', '2024-05-16 03:20:48', '2024-05-16 03:20:48'),
(25, 33, 1, 20, '10:00:00', '11:00:00', '2024-05-16 03:22:29', '2024-05-16 03:22:29'),
(26, 34, 1, 30, '10:00:00', '11:00:00', '2024-05-16 03:23:11', '2024-05-16 03:23:11'),
(27, 35, 1, 20, '10:00:00', '11:00:00', '2024-05-16 03:23:39', '2024-05-16 03:23:39'),
(28, 36, 1, 20, '11:00:00', '12:00:00', '2024-05-16 03:24:07', '2024-05-16 03:24:07'),
(29, 37, 1, 20, '09:00:00', '10:00:00', '2024-05-16 03:24:30', '2024-05-16 03:24:30'),
(30, 38, 1, 80, '08:30:00', '09:30:00', '2024-05-16 03:24:59', '2024-05-16 03:24:59'),
(31, 39, 1, 20, '09:30:00', '10:30:00', '2024-05-16 03:25:24', '2024-05-16 03:25:24'),
(32, 40, 1, 30, '12:00:00', '13:00:00', '2024-05-16 03:25:49', '2024-05-16 03:25:49'),
(33, 41, 1, 30, '10:00:00', '11:00:00', '2024-05-16 03:26:14', '2024-05-16 03:26:14'),
(34, 42, 1, 30, '08:00:00', '10:00:00', '2024-05-16 03:26:36', '2024-05-17 02:17:22'),
(35, 43, 1, 30, '10:15:00', '12:15:00', '2024-05-16 03:27:07', '2024-05-17 02:16:08'),
(36, 44, 1, 80, '08:00:00', '10:00:00', '2024-05-16 03:27:36', '2024-05-17 02:14:55'),
(37, 45, 1, 30, '08:00:00', '10:00:00', '2024-05-16 03:28:04', '2024-05-17 02:13:52'),
(38, 46, 1, 40, '08:10:00', '10:00:00', '2024-05-17 02:12:42', '2024-05-17 02:13:08'),
(39, 46, 1, 40, '10:15:00', '12:15:00', '2024-05-17 02:13:27', '2024-05-17 02:13:27'),
(40, 45, 1, 30, '10:15:00', '12:15:00', '2024-05-17 02:14:02', '2024-05-17 02:14:02'),
(41, 44, 1, 80, '10:15:00', '12:15:00', '2024-05-17 02:15:03', '2024-05-17 02:15:03'),
(42, 42, 1, 30, '10:15:00', '12:15:00', '2024-05-17 02:17:33', '2024-05-17 02:17:33'),
(43, 47, 21, 10, '10:00:00', '12:00:00', '2024-05-17 03:45:11', '2024-05-17 03:45:11'),
(44, 48, 8, 10, '08:00:00', '10:15:00', '2024-05-17 03:47:29', '2024-05-17 03:47:29'),
(45, 49, 9, 30, '08:00:00', '09:00:00', '2024-05-17 03:48:42', '2024-05-17 04:12:37'),
(50, 22, 1, 30, '10:15:00', '12:15:00', '2024-05-18 22:37:45', '2024-05-19 01:10:51'),
(51, 21, 14, 27, '10:15:00', '12:15:00', '2024-05-18 22:41:40', '2024-05-29 01:52:49'),
(53, 24, 10, 30, '08:00:00', '10:00:00', '2024-05-19 22:37:16', '2024-05-19 22:37:16'),
(54, 50, 9, 10, '10:10:00', '10:40:00', '2024-05-29 03:40:13', '2024-05-29 03:40:13'),
(55, 51, 9, 10, '10:00:00', '11:00:00', '2024-05-29 03:41:11', '2024-05-29 03:41:11'),
(56, 52, 17, 10, '03:00:00', '04:00:00', '2024-05-29 03:47:05', '2024-05-29 03:47:05');

-- --------------------------------------------------------

--
-- Estructura de tabla para la tabla `roles`
--

CREATE TABLE `roles` (
  `Rid` int(11) NOT NULL,
  `Rname` varchar(50) NOT NULL,
  `Rimage` varchar(250) NOT NULL,
  `Ucode` varchar(10) NOT NULL,
  `Rroute` varchar(250) NOT NULL,
  `Rstatus` int(11) NOT NULL,
  `RdateCreated` timestamp NOT NULL DEFAULT current_timestamp(),
  `Rdateupdated` timestamp NOT NULL DEFAULT current_timestamp() ON UPDATE current_timestamp()
) ENGINE=InnoDB DEFAULT CHARSET=utf8mb4 COLLATE=utf8mb4_general_ci;

--
-- Volcado de datos para la tabla `roles`
--

INSERT INTO `roles` (`Rid`, `Rname`, `Rimage`, `Ucode`, `Rroute`, `Rstatus`, `RdateCreated`, `Rdateupdated`) VALUES
(1, 'Cashier', 'Seller-TSE.png', 'TSE-R-1', 'navbarSeller', 1, '2024-03-24 01:20:44', '2024-05-19 23:06:50'),
(2, 'Store', 'Admin-TSE.png', 'TSE-R-2', 'navbarAdmin', 1, '2024-03-23 05:27:51', '2024-05-19 23:06:55'),
(3, 'Accountant', 'Supervisor-TSE.png', 'TSE-R-3', 'navbarSupervisor', 1, '2024-03-24 00:13:36', '2024-05-19 23:07:23'),
(4, 'Administrator', 'Store-TSE.png', 'TSE-R-4', 'navbarStore', 1, '2024-03-24 01:03:03', '2024-05-06 02:35:22'),
(5, 'TSoftEc', 'TSoftEc-TSE.png', 'TSE-R-5', 'navbarTSoftEc', 1, '2024-03-12 04:00:39', '2024-05-06 02:35:26'),
(6, 'Client', 'Client-TSE.png', 'TSE-R-6', 'navbarClient', 1, '2024-05-05 21:38:51', '2024-05-19 23:07:53');

-- --------------------------------------------------------

--
-- Estructura de tabla para la tabla `roles_permissions`
--

CREATE TABLE `roles_permissions` (
  `Rid` int(11) NOT NULL,
  `Pid` int(11) NOT NULL,
  `RPstatus` int(2) NOT NULL,
  `RPdateCreated` timestamp NOT NULL DEFAULT current_timestamp(),
  `RPdateUpdated` timestamp NOT NULL DEFAULT current_timestamp() ON UPDATE current_timestamp()
) ENGINE=InnoDB DEFAULT CHARSET=utf8mb4 COLLATE=utf8mb4_general_ci;

--
-- Volcado de datos para la tabla `roles_permissions`
--

INSERT INTO `roles_permissions` (`Rid`, `Pid`, `RPstatus`, `RPdateCreated`, `RPdateUpdated`) VALUES
(1, 1, 1, '2024-04-01 06:58:40', '2024-05-20 03:22:59'),
(1, 2, 1, '2024-04-12 08:41:59', '2024-04-25 03:19:40'),
(1, 3, 0, '2024-04-12 04:16:48', '2024-04-25 03:18:41'),
(1, 4, 0, '2024-04-12 04:23:26', '2024-04-25 02:59:05'),
(1, 5, 0, '2024-04-12 04:23:07', '2024-04-25 02:59:08'),
(1, 6, 0, '2024-04-12 04:23:21', '2024-04-13 02:29:21'),
(1, 7, 1, '2024-03-30 04:49:14', '2024-05-19 23:13:19'),
(1, 8, 0, '2024-04-12 04:23:13', '2024-04-25 03:17:41'),
(1, 9, 0, '2024-03-30 04:49:14', '2024-04-25 02:57:21'),
(1, 11, 0, '2024-04-12 04:15:40', '2024-04-13 02:26:46'),
(1, 12, 1, '2024-03-31 08:29:52', '2024-05-20 03:19:32'),
(1, 13, 0, '2024-04-12 04:12:20', '2024-04-13 02:26:42'),
(1, 14, 0, '2024-04-11 06:51:17', '2024-04-25 02:31:44'),
(1, 15, 0, '2024-04-12 04:15:47', '2024-04-25 02:59:17'),
(1, 16, 0, '2024-04-12 04:15:36', '2024-04-13 02:28:57'),
(1, 17, 0, '2024-04-12 04:04:54', '2024-04-13 02:29:01'),
(1, 39, 1, '2024-05-19 23:01:02', '2024-05-19 23:01:02'),
(1, 40, 1, '2024-05-19 23:01:06', '2024-05-19 23:01:06'),
(1, 70, 1, '2024-05-19 23:10:56', '2024-05-19 23:10:56'),
(1, 71, 1, '2024-05-19 23:15:26', '2024-05-19 23:15:26'),
(2, 1, 1, '2024-04-11 06:51:21', '2024-05-20 03:23:04'),
(2, 2, 1, '2024-04-12 08:50:51', '2024-04-25 03:19:38'),
(2, 3, 0, '2024-04-12 08:50:55', '2024-04-25 03:18:39'),
(2, 4, 0, '2024-04-12 08:52:05', '2024-04-12 04:23:46'),
(2, 8, 0, '2024-04-25 03:17:21', '2024-04-25 03:17:28'),
(2, 11, 0, '2024-04-12 04:12:14', '2024-04-13 02:26:47'),
(2, 12, 0, '2024-04-12 04:12:12', '2024-04-25 03:17:51'),
(2, 13, 0, '2024-03-31 08:30:16', '2024-04-25 03:17:57'),
(2, 14, 0, '2024-04-11 06:51:29', '2024-04-13 02:26:49'),
(2, 15, 0, '2024-04-11 06:51:29', '2024-04-25 03:18:01'),
(2, 16, 0, '2024-04-12 04:12:17', '2024-04-13 02:27:15'),
(2, 17, 0, '2024-04-12 04:05:01', '2024-04-13 02:14:02'),
(3, 1, 1, '2024-04-11 06:51:44', '2024-04-29 23:38:34'),
(3, 2, 1, '2024-04-13 01:45:43', '2024-04-25 03:18:56'),
(3, 3, 0, '2024-04-12 08:52:12', '2024-04-25 03:18:36'),
(3, 4, 0, '2024-04-12 08:52:10', '2024-04-25 02:59:13'),
(3, 5, 1, '2024-04-29 23:38:39', '2024-04-29 23:38:39'),
(3, 8, 0, '2024-04-25 03:17:24', '2024-04-25 03:18:11'),
(3, 11, 0, '2024-04-12 04:12:08', '2024-04-13 02:27:06'),
(3, 12, 0, '2024-04-12 04:11:41', '2024-04-13 02:27:03'),
(3, 13, 0, '2024-04-12 04:11:38', '2024-04-25 03:21:18'),
(3, 14, 0, '2024-04-11 06:51:44', '2024-04-13 02:27:00'),
(3, 15, 0, '2024-03-31 08:30:16', '2024-04-25 03:18:52'),
(3, 16, 0, '2024-04-12 04:11:20', '2024-04-13 02:29:05'),
(3, 17, 0, '2024-04-12 04:11:09', '2024-04-13 02:29:09'),
(4, 1, 1, '2024-04-11 06:51:29', '2024-04-25 03:23:32'),
(4, 2, 1, '2024-04-13 01:45:46', '2024-04-25 02:38:15'),
(4, 3, 1, '2024-04-13 01:45:48', '2024-05-14 04:06:43'),
(4, 4, 1, '2024-04-13 02:30:14', '2024-05-19 23:37:04'),
(4, 5, 1, '2024-04-13 02:30:26', '2024-04-25 02:38:34'),
(4, 6, 1, '2024-04-13 02:30:20', '2024-04-13 02:30:20'),
(4, 7, 1, '2024-04-12 04:15:54', '2024-04-12 04:15:54'),
(4, 8, 0, '2024-04-13 02:29:57', '2024-04-25 03:18:16'),
(4, 9, 1, '2024-04-24 04:45:20', '2024-04-24 04:45:20'),
(4, 10, 0, '2024-04-13 02:30:09', '2024-04-25 03:22:01'),
(4, 11, 0, '2024-04-12 04:12:05', '2024-04-13 18:16:20'),
(4, 12, 0, '2024-04-12 04:11:44', '2024-04-25 03:21:44'),
(4, 13, 1, '2024-04-12 04:11:46', '2024-04-25 03:21:13'),
(4, 14, 0, '2024-03-31 08:30:16', '2024-04-25 03:21:49'),
(4, 15, 0, '2024-04-12 04:12:02', '2024-04-25 03:18:24'),
(4, 16, 0, '2024-04-12 04:11:16', '2024-04-25 03:21:28'),
(4, 17, 0, '2024-04-12 04:11:12', '2024-04-25 03:21:32'),
(4, 18, 0, '2024-04-13 02:29:51', '2024-04-25 03:21:37'),
(4, 39, 1, '2024-05-19 21:29:31', '2024-05-19 21:29:31'),
(4, 40, 1, '2024-05-19 21:29:39', '2024-05-19 21:29:39'),
(4, 43, 1, '2024-05-19 21:29:49', '2024-05-19 21:29:49'),
(4, 47, 1, '2024-05-19 21:28:49', '2024-05-19 21:28:49'),
(4, 51, 1, '2024-05-19 21:29:07', '2024-05-19 21:29:07'),
(4, 52, 1, '2024-05-19 21:29:16', '2024-05-19 21:29:16'),
(4, 66, 1, '2024-05-19 21:28:39', '2024-05-19 21:28:39'),
(4, 67, 1, '2024-05-19 17:44:44', '2024-05-19 17:44:44'),
(4, 68, 1, '2024-05-19 17:44:58', '2024-05-19 17:44:58'),
(4, 69, 1, '2024-05-19 17:44:50', '2024-05-19 17:44:50'),
(4, 75, 1, '2024-05-29 01:51:19', '2024-05-29 01:51:19'),
(4, 76, 1, '2024-05-29 02:49:36', '2024-05-29 02:49:36'),
(5, 1, 1, '2024-03-30 04:47:55', '2024-04-25 03:09:17'),
(5, 2, 1, '2024-03-30 04:49:14', '2024-04-25 03:07:57'),
(5, 3, 1, '2024-03-30 04:49:14', '2024-04-25 02:18:33'),
(5, 4, 1, '2024-04-20 13:23:59', '2024-04-25 03:00:15'),
(5, 5, 1, '2024-03-30 04:49:14', '2024-04-25 03:00:12'),
(5, 6, 1, '2024-03-30 04:49:14', '2024-03-30 04:49:14'),
(5, 7, 1, '2024-04-07 07:08:19', '2024-04-25 03:07:54'),
(5, 8, 1, '2024-03-30 04:49:14', '2024-04-25 02:07:20'),
(5, 9, 1, '2024-03-30 04:49:14', '2024-04-25 03:00:08'),
(5, 10, 1, '2024-03-30 04:49:14', '2024-04-25 03:00:06'),
(5, 11, 1, '2024-03-31 01:12:35', '2024-04-25 03:07:49'),
(5, 12, 1, '2024-04-12 04:11:51', '2024-04-25 02:18:31'),
(5, 13, 1, '2024-04-12 04:11:49', '2024-04-25 02:18:28'),
(5, 14, 1, '2024-04-12 04:11:55', '2024-04-25 03:00:19'),
(5, 15, 1, '2024-04-12 04:11:58', '2024-04-24 02:28:50'),
(5, 16, 1, '2024-03-31 08:30:16', '2024-04-12 08:50:11'),
(5, 17, 1, '2024-04-02 09:24:44', '2024-04-02 09:24:44'),
(5, 18, 1, '2024-04-04 09:53:52', '2024-04-25 02:18:24'),
(5, 19, 1, '2024-04-28 01:10:48', '2024-04-28 01:10:48'),
(5, 20, 1, '2024-04-28 01:10:56', '2024-04-28 01:10:56'),
(5, 21, 1, '2024-04-28 01:11:01', '2024-04-28 01:11:01'),
(5, 22, 1, '2024-04-29 01:30:14', '2024-04-29 01:30:14'),
(5, 23, 1, '2024-05-01 15:04:52', '2024-05-01 15:04:52'),
(5, 24, 1, '2024-05-01 15:05:06', '2024-05-01 15:05:06'),
(5, 25, 1, '2024-05-01 15:08:25', '2024-05-01 15:08:25'),
(5, 26, 1, '2024-05-02 04:43:25', '2024-05-02 04:43:25'),
(5, 27, 1, '2024-05-02 04:43:39', '2024-05-02 04:43:39'),
(5, 28, 1, '2024-05-02 04:43:49', '2024-05-02 04:43:49'),
(5, 29, 1, '2024-05-02 04:47:57', '2024-05-02 04:47:57'),
(5, 30, 1, '2024-05-02 04:48:05', '2024-05-02 04:48:05'),
(5, 31, 1, '2024-05-02 04:48:15', '2024-05-02 04:48:15'),
(5, 32, 1, '2024-05-04 01:07:57', '2024-05-04 01:07:57'),
(5, 33, 1, '2024-05-04 01:08:12', '2024-05-04 01:08:12'),
(5, 34, 1, '2024-05-04 01:08:19', '2024-05-04 01:08:19'),
(5, 35, 1, '2024-05-04 19:26:55', '2024-05-04 19:26:55'),
(5, 36, 1, '2024-05-04 19:49:13', '2024-05-04 19:49:13'),
(5, 37, 1, '2024-05-04 19:49:21', '2024-05-04 19:49:21'),
(5, 38, 1, '2024-05-04 19:49:29', '2024-05-04 19:49:29'),
(5, 39, 1, '2024-05-05 00:13:15', '2024-05-05 00:13:15'),
(5, 40, 1, '2024-05-05 00:13:21', '2024-05-05 00:13:21'),
(5, 41, 1, '2024-05-05 00:13:28', '2024-05-05 00:13:28'),
(5, 42, 1, '2024-05-05 00:13:34', '2024-05-05 00:13:34'),
(5, 43, 1, '2024-05-05 00:38:44', '2024-05-05 00:38:44'),
(5, 44, 1, '2024-05-05 00:38:50', '2024-05-05 00:38:50'),
(5, 45, 1, '2024-05-05 00:38:56', '2024-05-05 00:38:56'),
(5, 46, 1, '2024-05-05 00:39:02', '2024-05-05 00:39:02'),
(5, 47, 1, '2024-05-05 15:29:36', '2024-05-05 15:29:36'),
(5, 48, 1, '2024-05-05 15:29:47', '2024-05-05 15:29:47'),
(5, 49, 1, '2024-05-05 15:29:52', '2024-05-05 15:29:52'),
(5, 50, 1, '2024-05-05 15:29:57', '2024-05-05 15:29:57'),
(5, 51, 1, '2024-05-07 22:36:01', '2024-05-07 22:36:01'),
(5, 52, 1, '2024-05-11 22:26:21', '2024-05-11 22:26:21'),
(5, 53, 1, '2024-05-14 03:20:58', '2024-05-14 03:20:58'),
(5, 54, 1, '2024-05-14 03:21:12', '2024-05-14 03:21:12'),
(5, 55, 1, '2024-05-14 03:22:09', '2024-05-14 03:22:09'),
(5, 56, 1, '2024-05-17 02:36:56', '2024-05-17 02:36:56'),
(5, 57, 1, '2024-05-17 02:37:09', '2024-05-17 02:37:09'),
(5, 58, 1, '2024-05-17 02:37:16', '2024-05-17 02:37:16'),
(5, 59, 1, '2024-05-17 02:37:22', '2024-05-17 02:37:22'),
(5, 60, 1, '2024-05-17 02:37:44', '2024-05-17 02:37:44'),
(5, 61, 1, '2024-05-18 17:59:53', '2024-05-18 17:59:53'),
(5, 62, 1, '2024-05-18 23:56:45', '2024-05-18 23:56:45'),
(5, 63, 1, '2024-05-18 23:56:56', '2024-05-18 23:56:56'),
(5, 64, 1, '2024-05-18 23:57:05', '2024-05-18 23:57:05'),
(5, 65, 1, '2024-05-18 23:57:14', '2024-05-18 23:57:14'),
(5, 66, 1, '2024-05-19 15:17:17', '2024-05-19 15:17:17'),
(5, 67, 1, '2024-05-19 17:19:19', '2024-05-19 17:19:19'),
(5, 68, 1, '2024-05-19 17:19:32', '2024-05-19 17:19:32'),
(5, 69, 1, '2024-05-19 17:19:43', '2024-05-19 17:19:43'),
(5, 70, 1, '2024-05-19 22:57:43', '2024-05-19 22:57:43'),
(5, 71, 1, '2024-05-19 23:15:13', '2024-05-19 23:15:13'),
(5, 72, 1, '2024-05-19 23:44:24', '2024-05-19 23:44:24'),
(5, 73, 1, '2024-05-20 03:38:33', '2024-05-20 03:38:33'),
(5, 74, 1, '2024-05-20 03:45:24', '2024-05-20 03:45:24'),
(5, 75, 1, '2024-05-28 01:46:11', '2024-05-28 01:46:11'),
(5, 76, 1, '2024-05-29 02:45:11', '2024-05-29 02:45:11'),
(5, 77, 1, '2024-05-29 05:30:33', '2024-05-29 05:30:33'),
(5, 78, 1, '2024-05-29 05:57:54', '2024-05-29 05:57:54'),
(5, 79, 1, '2024-05-30 02:47:44', '2024-05-30 02:47:44'),
(5, 80, 1, '2024-05-30 02:48:05', '2024-05-30 02:48:05'),
(5, 81, 1, '2024-05-30 02:50:07', '2024-05-30 02:50:07'),
(5, 82, 1, '2024-05-30 03:20:06', '2024-05-30 03:20:06'),
(5, 83, 1, '2024-05-30 21:00:42', '2024-05-30 21:00:42'),
(6, 1, 1, '2024-05-20 03:23:07', '2024-05-20 03:23:07'),
(6, 2, 1, '2024-05-19 23:21:43', '2024-05-19 23:21:43'),
(6, 3, 1, '2024-05-19 23:21:13', '2024-05-19 23:21:32'),
(6, 6, 1, '2024-05-19 23:22:23', '2024-05-19 23:23:02'),
(6, 7, 1, '2024-05-19 23:22:46', '2024-05-19 23:22:46'),
(6, 9, 0, '2024-05-20 03:32:47', '2024-05-20 03:33:01'),
(6, 39, 1, '2024-05-20 03:32:20', '2024-05-20 03:32:20'),
(6, 40, 1, '2024-05-20 03:32:25', '2024-05-20 03:32:25'),
(6, 52, 1, '2024-05-20 03:33:44', '2024-05-20 03:33:44'),
(6, 61, 1, '2024-05-20 03:34:54', '2024-05-20 03:34:54'),
(6, 66, 1, '2024-05-20 03:33:31', '2024-05-20 03:33:31'),
(6, 67, 1, '2024-05-20 03:33:21', '2024-05-20 03:33:21'),
(6, 68, 1, '2024-05-20 03:34:12', '2024-05-20 03:34:12'),
(6, 69, 1, '2024-05-20 03:34:04', '2024-05-20 03:34:04'),
(6, 71, 1, '2024-05-20 03:32:35', '2024-05-20 03:32:35'),
(6, 72, 1, '2024-05-20 03:33:07', '2024-05-20 03:33:07'),
(6, 73, 0, '2024-05-20 03:40:12', '2024-05-20 03:40:24');

-- --------------------------------------------------------

--
-- Estructura de tabla para la tabla `scenarios`
--

CREATE TABLE `scenarios` (
  `Eid` int(11) NOT NULL,
  `Ename` varchar(100) NOT NULL,
  `Estatus` int(3) NOT NULL,
  `EdateCreated` timestamp NOT NULL DEFAULT current_timestamp(),
  `EdateUpdated` timestamp NOT NULL DEFAULT current_timestamp()
) ENGINE=InnoDB DEFAULT CHARSET=utf8mb4 COLLATE=utf8mb4_general_ci;

--
-- Volcado de datos para la tabla `scenarios`
--

INSERT INTO `scenarios` (`Eid`, `Ename`, `Estatus`, `EdateCreated`, `EdateUpdated`) VALUES
(1, 'ESTADIO OLIMPICO ATAHUALPA', 1, '2024-05-17 02:59:17', '2024-05-17 03:06:25'),
(3, 'COLISEO DE KARATE DO', 1, '2024-05-17 03:05:20', '2024-05-17 03:07:35'),
(4, 'POLIDEPORTIVO CDP', 1, '2024-05-17 03:07:54', '2024-05-17 03:08:04'),
(5, 'COLISEO CACHA FLOR', 1, '2024-05-17 03:08:22', '2024-05-17 03:08:22'),
(6, 'GIMNASIO PALACIO DE LOS DEPORTES', 1, '2024-05-17 03:08:38', '2024-05-17 03:08:38'),
(7, 'MURO DE ESCALADA', 1, '2024-05-17 03:08:53', '2024-05-17 03:08:53'),
(8, 'VELODROMO JOSE LUIS RECALDE', 1, '2024-05-17 03:09:16', '2024-05-17 03:09:16'),
(9, 'CANCHAS SINTETICAS CDP', 1, '2024-05-17 03:09:31', '2024-05-17 03:09:31'),
(10, 'LABORATORIO DE BASQUET', 1, '2024-05-17 03:10:11', '2024-05-17 03:10:11'),
(11, 'COLISEO DE JULIO CESAR HIDALGO', 1, '2024-05-17 03:10:40', '2024-05-17 03:10:40'),
(12, 'COLISEO LOS QUITUS', 1, '2024-05-17 03:10:54', '2024-05-17 03:10:54'),
(13, 'PISTAS LOS CHASQUIS', 1, '2024-05-17 03:11:09', '2024-05-17 03:11:09'),
(14, 'LOBORATORIO DE AJEDREZ CDP', 1, '2024-05-17 03:11:24', '2024-05-18 14:46:35'),
(15, 'GIMNASIO DE CHIMBACALLE', 1, '2024-05-17 03:11:43', '2024-05-17 03:11:43'),
(16, 'GIMNASIO DEL ESTADIO OLIMPICO ATAHUALPA', 1, '2024-05-17 03:12:05', '2024-05-17 03:12:05'),
(17, 'CANCHAS PALACIO DE LOS DEPORTES', 1, '2024-05-17 03:12:22', '2024-05-17 03:12:22'),
(18, 'POLIGONO DE TIRO', 1, '2024-05-17 03:12:33', '2024-05-17 03:12:33'),
(19, 'COLISEO DE VOLEIBOL', 1, '2024-05-17 03:12:46', '2024-05-17 03:12:46'),
(20, 'LABORATORIO TENIS DE MESA', 1, '2024-05-17 03:13:01', '2024-05-17 03:13:01'),
(21, 'COLISEO SQUASH', 1, '2024-05-17 03:13:11', '2024-05-17 03:13:11'),
(22, 'PATINODROMO', 1, '2024-05-17 03:13:26', '2024-05-17 03:13:26'),
(23, 'PISCINA MIRAFLORES', 1, '2024-05-17 03:13:41', '2024-05-17 03:13:41'),
(24, 'PISCINA JIPIJAPA', 1, '2024-05-17 03:14:00', '2024-05-17 03:14:00'),
(25, 'PISCINA COTOCOLLAO', 1, '2024-05-17 03:14:50', '2024-05-17 03:14:50');

-- --------------------------------------------------------

--
-- Estructura de tabla para la tabla `shopping_bag_users`
--

CREATE TABLE `shopping_bag_users` (
  `SBUid` bigint(20) NOT NULL,
  `Cid` int(11) DEFAULT NULL
) ENGINE=InnoDB DEFAULT CHARSET=utf8mb4 COLLATE=utf8mb4_general_ci;

-- --------------------------------------------------------

--
-- Estructura de tabla para la tabla `sports`
--

CREATE TABLE `sports` (
  `Sid` int(11) NOT NULL,
  `Sname` varchar(255) NOT NULL,
  `Sdescription` text DEFAULT NULL,
  `Simage` varchar(200) DEFAULT NULL,
  `Sstatus` int(3) NOT NULL,
  `SdateCreated` timestamp NOT NULL DEFAULT current_timestamp(),
  `SdateUpdated` timestamp NOT NULL DEFAULT current_timestamp()
) ENGINE=InnoDB DEFAULT CHARSET=utf8mb4 COLLATE=utf8mb4_general_ci;

--
-- Volcado de datos para la tabla `sports`
--

INSERT INTO `sports` (`Sid`, `Sname`, `Sdescription`, `Simage`, `Sstatus`, `SdateCreated`, `SdateUpdated`) VALUES
(1, 'AJEDREZ', 'AJEDREZ', 'Ajedrez@-8bit-150px.png', 1, '2024-05-01 23:33:19', '2024-05-14 03:46:07'),
(2, 'ATLETISMO', 'ATLETISMO', 'Atletismo@-8bit-150px.png', 1, '2024-05-01 23:40:48', '2024-05-01 23:41:54'),
(3, 'AUTOMOVILISMO', 'AUTOMOVILISMO', 'Automovilismo@-8bit-150px.png', 1, '2024-05-01 23:42:14', '2024-05-01 23:42:14'),
(4, 'BADMINTON', 'BADMINTON', 'Badminton.png', 1, '2024-05-01 23:42:34', '2024-05-01 23:42:34'),
(5, 'BALONCESTO', 'BALONCESTO', 'Baloncesto@-8bit-150px.png', 1, '2024-05-01 23:42:50', '2024-05-01 23:42:50'),
(6, 'BEISBOL', 'BEISBOL', 'Beisbol@-8bit-150px.png', 1, '2024-05-01 23:43:07', '2024-05-01 23:43:07'),
(7, 'BILLAR', 'BILLAR', 'Billar@-8bit-150px.png', 1, '2024-05-01 23:43:19', '2024-05-01 23:43:19'),
(8, 'BOLOS', 'BOLOS', 'Bolos@-8bit-150px.png', 1, '2024-05-01 23:43:34', '2024-05-01 23:43:34'),
(9, 'BOXEO', 'BOXEO', 'Boxeo@-8bit-150px.png', 1, '2024-05-01 23:43:48', '2024-05-01 23:43:48'),
(10, 'CICLISMO', 'CICLISMO', 'Ciclismo@-8bit-150px.png', 1, '2024-05-01 23:43:59', '2024-05-01 23:43:59'),
(11, 'ECUAVOLEY', 'ECUAVOLEY', 'Ecuavoley@-8bit-150px.png', 1, '2024-05-01 23:44:12', '2024-05-01 23:44:12'),
(12, 'ECUESTRES', 'ECUESTRES', 'Ecuestres@-8bit-150px.png', 1, '2024-05-01 23:44:28', '2024-05-01 23:44:28'),
(13, 'ESCALADA', 'ESCALADA', 'Escalada-y-Adinismo@-8bit-150px.png', 1, '2024-05-01 23:44:38', '2024-05-01 23:44:38'),
(14, 'ESGRIMA', 'ESGRIMA', 'Esgrima@-8bit-150px.png', 1, '2024-05-01 23:44:51', '2024-05-01 23:44:51'),
(15, 'FISICO CULTURISMO Y POTENCIA', 'FISICO CULTURISMO Y POTENCIA', 'Fisico-Culturismo-y-Potencia@-8bit-150px.png', 1, '2024-05-01 23:45:11', '2024-05-01 23:45:11'),
(16, 'FUTBOL', 'FUTBOL', 'Futbol@-8bit-150px.png', 1, '2024-05-01 23:45:29', '2024-05-01 23:45:29'),
(17, 'GIMNASIA ARTISTICA', 'GIMNASIA ARTISTICA', 'Gimnasia-Artistica@-8bit-150px.png', 1, '2024-05-01 23:45:57', '2024-05-06 04:12:56'),
(18, 'GIMNASIA RITMICA', 'GIMNASIA RITMICA', 'Gimnasia-Artistica@-8bit-150px.png', 1, '2024-05-01 23:46:12', '2024-05-06 04:13:02'),
(19, 'PATINAJE', 'PATINAJE', 'Hockey-y-Patinaje@-8bit-150px.png', 1, '2024-05-01 23:46:26', '2024-05-01 23:46:26'),
(20, 'JUDO', 'JUDO\r\n', 'Judo@-8bit-150px.png', 1, '2024-05-01 23:46:45', '2024-05-01 23:46:45'),
(21, 'KARATE DO', 'KARATE DO', 'Karate-Do@-8bit-150px.png', 1, '2024-05-01 23:46:59', '2024-05-01 23:46:59'),
(22, 'KICK BOXING', 'KICK BOXING', 'Kick-Boxing@-8bit-150px.png', 1, '2024-05-01 23:47:16', '2024-05-01 23:47:16'),
(23, 'LEVANTAMIENTO DE PESAS', 'LEVANTAMIENTO DE PESAS', 'Levantamiento-de-Pesas@-8bit-150px.png', 1, '2024-05-01 23:47:29', '2024-05-01 23:47:29'),
(24, 'LUCHA', 'LUCHA', 'Lucha@-8bit-150px.png', 1, '2024-05-01 23:47:37', '2024-05-01 23:47:37'),
(25, 'MOTOCICLISMO', 'MOTOCICLISMO', 'Motociclismo@-8bit-150px.png', 1, '2024-05-01 23:47:49', '2024-05-01 23:47:49'),
(26, 'NATACIÓN', 'NATACIÓN', 'Natacion@-8bit-150px.png', 1, '2024-05-01 23:48:02', '2024-05-01 23:48:02'),
(27, 'PADEL', 'PADEL', 'Padel.png', 1, '2024-05-01 23:48:18', '2024-05-01 23:48:18'),
(28, 'PELOTA NACIONAL', 'PELOTA NACIONAL', 'Pelota-Nacional@-8bit-150px.png', 1, '2024-05-01 23:48:34', '2024-05-01 23:48:34'),
(29, 'RACQUETBALL', 'RACQUETBALL', 'Racquetball.png', 1, '2024-05-01 23:48:54', '2024-05-01 23:48:54'),
(30, 'SQUASH', 'SQUASH', 'Squash@-8bit-150px.png', 1, '2024-05-01 23:49:10', '2024-05-01 23:49:10'),
(31, 'TAE KWON DO', 'TAE KWON DO', 'Tae-Kwon-Do@-8bit-150px.png', 1, '2024-05-01 23:49:28', '2024-05-01 23:49:28'),
(32, 'TENIS', 'TENIS', 'Tenis@-8bit-150px.png', 1, '2024-05-01 23:49:38', '2024-05-01 23:49:38'),
(33, 'TENIS DE MESA', 'TENIS DE MESA', 'tenis-de-mesa@-8bit-150px.png', 1, '2024-05-01 23:49:51', '2024-05-01 23:49:51'),
(34, 'TIRO CON ARCO', 'TIRO CON ARCO', 'Tiro-con-Arco@-8bit-150px.png', 1, '2024-05-01 23:50:04', '2024-05-01 23:50:04'),
(35, 'TIRO OLIMPICO', 'TIRO OLIMPICO', 'Tiro-Olimpico@-8bit-150px.png', 1, '2024-05-01 23:50:15', '2024-05-01 23:50:15'),
(36, 'VOLEIBOL', 'VOLEIBOL', 'Voleibol@-8bit-150px.png', 1, '2024-05-01 23:50:31', '2024-05-01 23:50:31'),
(37, 'WUSHU', 'WUSHU', 'Wushu@-8bit-150px.png', 1, '2024-05-01 23:50:41', '2024-05-01 23:50:41');

-- --------------------------------------------------------

--
-- Estructura de tabla para la tabla `status`
--

CREATE TABLE `status` (
  `Sid` int(3) NOT NULL,
  `Scodigo` int(3) NOT NULL,
  `Sname` varchar(20) NOT NULL,
  `Scolor` varchar(15) NOT NULL
) ENGINE=InnoDB DEFAULT CHARSET=utf8mb4 COLLATE=utf8mb4_general_ci;

--
-- Volcado de datos para la tabla `status`
--

INSERT INTO `status` (`Sid`, `Scodigo`, `Sname`, `Scolor`) VALUES
(1, 0, 'Inactivo', 'danger'),
(2, 1, 'Activo', 'primary'),
(3, 2, 'Pendiente', 'warning'),
(4, 3, 'Suspendido', 'info'),
(5, 4, 'Bloqueado', 'secondary');

-- --------------------------------------------------------

--
-- Estructura de tabla para la tabla `users`
--

CREATE TABLE `users` (
  `Uid` int(11) NOT NULL,
  `Uname` varchar(50) NOT NULL,
  `Ulastname` varchar(50) NOT NULL,
  `Ucredential` varchar(15) NOT NULL,
  `Ubirthdate` date NOT NULL,
  `Ugender` varchar(50) NOT NULL,
  `Ucity` varchar(50) NOT NULL,
  `Uaddress` varchar(50) NOT NULL,
  `Unickname` varchar(50) NOT NULL,
  `Uemail` varchar(100) NOT NULL,
  `Upassword` varchar(255) NOT NULL,
  `Uwhatsapp` varchar(255) NOT NULL,
  `Ufacebook` varchar(255) DEFAULT NULL,
  `Utiktok` varchar(255) DEFAULT NULL,
  `Uimage` varchar(254) DEFAULT NULL,
  `Udescription` text NOT NULL,
  `Usize` varchar(10) DEFAULT NULL,
  `Ublood` varchar(10) DEFAULT NULL,
  `Ustatus` int(11) NOT NULL,
  `UdateCreated` timestamp NOT NULL DEFAULT current_timestamp(),
  `UdateUpdated` timestamp NOT NULL DEFAULT current_timestamp()
) ENGINE=InnoDB DEFAULT CHARSET=utf8mb4 COLLATE=utf8mb4_general_ci;

--
-- Volcado de datos para la tabla `users`
--

INSERT INTO `users` (`Uid`, `Uname`, `Ulastname`, `Ucredential`, `Ubirthdate`, `Ugender`, `Ucity`, `Uaddress`, `Unickname`, `Uemail`, `Upassword`, `Uwhatsapp`, `Ufacebook`, `Utiktok`, `Uimage`, `Udescription`, `Usize`, `Ublood`, `Ustatus`, `UdateCreated`, `UdateUpdated`) VALUES
(1, 'TSOFTWARE', 'ECUADOR', '050434053216', '2001-03-16', 'Masculino', 'ECUADOR', 'QUITO', 'TSoftEcuador', 'admin@cdp.com', '$2y$10$1D0CNyzhJ9WQzuCs62B49.xZLlSSxKkSG/GDbBnuqXKsGLhzqN7Kq', '0995411589', 'edaniel-valencia', 'edxniel', 'users.jpg', 'Soy Ing. en Informática y Sistemas Computacionales, y actualmente estoy laborando en el área de TICs y soy Developers Junior escalando a Semi-Senior.', 'L', 'O+', 1, '2024-03-17 01:56:40', '2024-03-17 02:03:21'),
(2, 'ADMINISTRADOR', 'TSOFTEC', '5345345345', '1995-01-01', 'Femenino', 'PXNDXD', 'PXNDX', 'Administrador', 'admin@admin.com', '$2y$10$1D0CNyzhJ9WQzuCs62B49.xZLlSSxKkSG/GDbBnuqXKsGLhzqN7Kq', '0994340111', 'pxndx', 'pxndx', 'Admin-TSE.jpg', '', NULL, NULL, 1, '2024-03-17 01:56:40', '2024-03-17 02:02:48'),
(39, 'ROBERTO CARLOS', 'GOMEZ NUNEZ', '0504053216', '1995-08-09', 'Femenino', 'QUITO', 'QUITO', 'roberto', 'roberto@gmail.com', '$2y$10$WZRejbBvjHj02EK4EHawg.GpHswjex6ood9Hxb2m9zcocF/veM7uq', '0995411589', 'roberto', 'roberto', '3d-payment-money-dollar-credit-card-png.webp', '', NULL, NULL, 1, '2024-04-29 05:17:39', '2024-04-29 05:17:39'),
(40, 'CAJERO', 'PRUEBA', '0504053211', '1995-08-09', 'Prefiero no decirlo', 'QUITO', 'QUITO', 'cajero', 'cajero@tsoftec.com', '$2y$10$o25TYguhotWR2/Q.d7T9LOo/33lPNtsxJlLSwWlPFeNrw5yH478dq', '0995411589', '', '', 'users.jpg', '', NULL, NULL, 1, '2024-05-19 22:59:50', '2024-05-19 22:59:50'),
(41, 'CLIENTE', 'PRUEBA', '0504053212', '1995-08-09', 'Prefiero no decirlo', 'QUITO', 'QUITO', 'cliente', 'cliente@tsoftec.com', '$2y$10$CD52pi.F01OGgKVqf12pROPGvbWBobqgui2G.7rO/D53GkmnHHraO', '0995411589', '', '', 'users.jpg', '', NULL, NULL, 1, '2024-05-19 23:38:05', '2024-05-19 23:38:05');

-- --------------------------------------------------------

--
-- Estructura de tabla para la tabla `users_and_roles`
--

CREATE TABLE `users_and_roles` (
  `Uid` int(11) NOT NULL,
  `Rid` int(11) NOT NULL,
  `URdateCreated` timestamp NOT NULL DEFAULT current_timestamp(),
  `URdateUpdated` timestamp NOT NULL DEFAULT current_timestamp() ON UPDATE current_timestamp()
) ENGINE=InnoDB DEFAULT CHARSET=utf8mb4 COLLATE=utf8mb4_general_ci;

--
-- Volcado de datos para la tabla `users_and_roles`
--

INSERT INTO `users_and_roles` (`Uid`, `Rid`, `URdateCreated`, `URdateUpdated`) VALUES
(1, 5, '2024-03-31 05:08:31', '2024-03-31 05:08:31'),
(2, 4, '2024-03-31 19:36:33', '2024-04-25 03:24:05'),
(39, 1, '2024-04-29 05:17:39', '2024-04-29 05:17:39'),
(39, 6, '2024-05-19 23:03:38', '2024-05-19 23:08:29'),
(40, 1, '2024-05-19 22:59:50', '2024-05-19 22:59:50'),
(41, 6, '2024-05-19 23:38:05', '2024-05-19 23:38:05');

--
-- Índices para tablas volcadas
--

--
-- Indices de la tabla `courses`
--
ALTER TABLE `courses`
  ADD PRIMARY KEY (`Cid`),
  ADD KEY `Mid` (`Mid`),
  ADD KEY `Sid` (`Sid`),
  ADD KEY `fk_kid` (`Kid`);

--
-- Indices de la tabla `course_info`
--
ALTER TABLE `course_info`
  ADD PRIMARY KEY (`CIid`),
  ADD KEY `Cid` (`Cid`);

--
-- Indices de la tabla `discounts`
--
ALTER TABLE `discounts`
  ADD PRIMARY KEY (`Did`);

--
-- Indices de la tabla `inscription_types`
--
ALTER TABLE `inscription_types`
  ADD PRIMARY KEY (`ITid`);

--
-- Indices de la tabla `invoice`
--
ALTER TABLE `invoice`
  ADD PRIMARY KEY (`Iid`),
  ADD KEY `Uid` (`Uid`),
  ADD KEY `Cid` (`Cid`),
  ADD KEY `Did` (`Did`),
  ADD KEY `QHid` (`QHid`),
  ADD KEY `PTid` (`PTid`),
  ADD KEY `ITid` (`ITid`),
  ADD KEY `KDid` (`KDid`),
  ADD KEY `PSid` (`PSid`);

--
-- Indices de la tabla `invoice_data`
--
ALTER TABLE `invoice_data`
  ADD PRIMARY KEY (`IDid`),
  ADD KEY `Uid` (`Uid`);

--
-- Indices de la tabla `kits`
--
ALTER TABLE `kits`
  ADD PRIMARY KEY (`Kid`);

--
-- Indices de la tabla `kit_delivery`
--
ALTER TABLE `kit_delivery`
  ADD PRIMARY KEY (`KDid`);

--
-- Indices de la tabla `login_history`
--
ALTER TABLE `login_history`
  ADD PRIMARY KEY (`LHid`),
  ADD KEY `Uid` (`Uid`);

--
-- Indices de la tabla `modules`
--
ALTER TABLE `modules`
  ADD PRIMARY KEY (`Mid`);

--
-- Indices de la tabla `payment_status`
--
ALTER TABLE `payment_status`
  ADD PRIMARY KEY (`PSid`);

--
-- Indices de la tabla `payment_types`
--
ALTER TABLE `payment_types`
  ADD PRIMARY KEY (`PTid`);

--
-- Indices de la tabla `permissions`
--
ALTER TABLE `permissions`
  ADD PRIMARY KEY (`Pid`),
  ADD UNIQUE KEY `Pname` (`Pname`);

--
-- Indices de la tabla `quota_hour`
--
ALTER TABLE `quota_hour`
  ADD PRIMARY KEY (`QHid`),
  ADD KEY `Cid` (`Cid`),
  ADD KEY `Eid` (`Eid`);

--
-- Indices de la tabla `roles`
--
ALTER TABLE `roles`
  ADD PRIMARY KEY (`Rid`),
  ADD UNIQUE KEY `Rname` (`Rname`);

--
-- Indices de la tabla `roles_permissions`
--
ALTER TABLE `roles_permissions`
  ADD PRIMARY KEY (`Rid`,`Pid`),
  ADD KEY `Pid` (`Pid`);

--
-- Indices de la tabla `scenarios`
--
ALTER TABLE `scenarios`
  ADD PRIMARY KEY (`Eid`);

--
-- Indices de la tabla `shopping_bag_users`
--
ALTER TABLE `shopping_bag_users`
  ADD KEY `Cid` (`Cid`);

--
-- Indices de la tabla `sports`
--
ALTER TABLE `sports`
  ADD PRIMARY KEY (`Sid`);

--
-- Indices de la tabla `status`
--
ALTER TABLE `status`
  ADD PRIMARY KEY (`Sid`);

--
-- Indices de la tabla `users`
--
ALTER TABLE `users`
  ADD PRIMARY KEY (`Uid`),
  ADD UNIQUE KEY `Unickname` (`Unickname`),
  ADD UNIQUE KEY `Ucredential` (`Ucredential`),
  ADD UNIQUE KEY `Uemail` (`Uemail`);

--
-- Indices de la tabla `users_and_roles`
--
ALTER TABLE `users_and_roles`
  ADD PRIMARY KEY (`Uid`,`Rid`),
  ADD KEY `Rid` (`Rid`);

--
-- AUTO_INCREMENT de las tablas volcadas
--

--
-- AUTO_INCREMENT de la tabla `courses`
--
ALTER TABLE `courses`
  MODIFY `Cid` int(11) NOT NULL AUTO_INCREMENT, AUTO_INCREMENT=53;

--
-- AUTO_INCREMENT de la tabla `course_info`
--
ALTER TABLE `course_info`
  MODIFY `CIid` int(11) NOT NULL AUTO_INCREMENT, AUTO_INCREMENT=32;

--
-- AUTO_INCREMENT de la tabla `discounts`
--
ALTER TABLE `discounts`
  MODIFY `Did` int(11) NOT NULL AUTO_INCREMENT, AUTO_INCREMENT=7;

--
-- AUTO_INCREMENT de la tabla `inscription_types`
--
ALTER TABLE `inscription_types`
  MODIFY `ITid` int(11) NOT NULL AUTO_INCREMENT, AUTO_INCREMENT=3;

--
-- AUTO_INCREMENT de la tabla `invoice`
--
ALTER TABLE `invoice`
  MODIFY `Iid` bigint(20) NOT NULL AUTO_INCREMENT, AUTO_INCREMENT=12;

--
-- AUTO_INCREMENT de la tabla `invoice_data`
--
ALTER TABLE `invoice_data`
  MODIFY `IDid` bigint(20) NOT NULL AUTO_INCREMENT, AUTO_INCREMENT=4;

--
-- AUTO_INCREMENT de la tabla `kits`
--
ALTER TABLE `kits`
  MODIFY `Kid` bigint(20) NOT NULL AUTO_INCREMENT, AUTO_INCREMENT=5;

--
-- AUTO_INCREMENT de la tabla `kit_delivery`
--
ALTER TABLE `kit_delivery`
  MODIFY `KDid` int(3) NOT NULL AUTO_INCREMENT, AUTO_INCREMENT=3;

--
-- AUTO_INCREMENT de la tabla `login_history`
--
ALTER TABLE `login_history`
  MODIFY `LHid` int(11) NOT NULL AUTO_INCREMENT, AUTO_INCREMENT=75;

--
-- AUTO_INCREMENT de la tabla `modules`
--
ALTER TABLE `modules`
  MODIFY `Mid` int(11) NOT NULL AUTO_INCREMENT, AUTO_INCREMENT=9;

--
-- AUTO_INCREMENT de la tabla `payment_status`
--
ALTER TABLE `payment_status`
  MODIFY `PSid` int(3) NOT NULL AUTO_INCREMENT, AUTO_INCREMENT=4;

--
-- AUTO_INCREMENT de la tabla `payment_types`
--
ALTER TABLE `payment_types`
  MODIFY `PTid` int(3) NOT NULL AUTO_INCREMENT, AUTO_INCREMENT=3;

--
-- AUTO_INCREMENT de la tabla `permissions`
--
ALTER TABLE `permissions`
  MODIFY `Pid` int(11) NOT NULL AUTO_INCREMENT, AUTO_INCREMENT=84;

--
-- AUTO_INCREMENT de la tabla `quota_hour`
--
ALTER TABLE `quota_hour`
  MODIFY `QHid` int(11) NOT NULL AUTO_INCREMENT, AUTO_INCREMENT=57;

--
-- AUTO_INCREMENT de la tabla `roles`
--
ALTER TABLE `roles`
  MODIFY `Rid` int(11) NOT NULL AUTO_INCREMENT, AUTO_INCREMENT=45;

--
-- AUTO_INCREMENT de la tabla `scenarios`
--
ALTER TABLE `scenarios`
  MODIFY `Eid` int(11) NOT NULL AUTO_INCREMENT, AUTO_INCREMENT=26;

--
-- AUTO_INCREMENT de la tabla `sports`
--
ALTER TABLE `sports`
  MODIFY `Sid` int(11) NOT NULL AUTO_INCREMENT, AUTO_INCREMENT=38;

--
-- AUTO_INCREMENT de la tabla `status`
--
ALTER TABLE `status`
  MODIFY `Sid` int(3) NOT NULL AUTO_INCREMENT, AUTO_INCREMENT=6;

--
-- AUTO_INCREMENT de la tabla `users`
--
ALTER TABLE `users`
  MODIFY `Uid` int(11) NOT NULL AUTO_INCREMENT, AUTO_INCREMENT=42;

--
-- Restricciones para tablas volcadas
--

--
-- Filtros para la tabla `courses`
--
ALTER TABLE `courses`
  ADD CONSTRAINT `courses_ibfk_1` FOREIGN KEY (`Mid`) REFERENCES `modules` (`Mid`),
  ADD CONSTRAINT `courses_ibfk_2` FOREIGN KEY (`Sid`) REFERENCES `sports` (`Sid`),
  ADD CONSTRAINT `fk_kid` FOREIGN KEY (`Kid`) REFERENCES `kits` (`Kid`);

--
-- Filtros para la tabla `course_info`
--
ALTER TABLE `course_info`
  ADD CONSTRAINT `course_info_ibfk_1` FOREIGN KEY (`Cid`) REFERENCES `courses` (`Cid`);

--
-- Filtros para la tabla `invoice`
--
ALTER TABLE `invoice`
  ADD CONSTRAINT `invoice_ibfk_1` FOREIGN KEY (`Uid`) REFERENCES `users` (`Uid`) ON DELETE CASCADE ON UPDATE CASCADE,
  ADD CONSTRAINT `invoice_ibfk_2` FOREIGN KEY (`Cid`) REFERENCES `courses` (`Cid`) ON DELETE CASCADE ON UPDATE CASCADE,
  ADD CONSTRAINT `invoice_ibfk_3` FOREIGN KEY (`Did`) REFERENCES `discounts` (`Did`) ON DELETE CASCADE ON UPDATE CASCADE,
  ADD CONSTRAINT `invoice_ibfk_4` FOREIGN KEY (`QHid`) REFERENCES `quota_hour` (`QHid`) ON DELETE CASCADE ON UPDATE CASCADE,
  ADD CONSTRAINT `invoice_ibfk_5` FOREIGN KEY (`PTid`) REFERENCES `payment_types` (`PTid`) ON DELETE CASCADE ON UPDATE CASCADE,
  ADD CONSTRAINT `invoice_ibfk_6` FOREIGN KEY (`ITid`) REFERENCES `inscription_types` (`ITid`) ON DELETE CASCADE ON UPDATE CASCADE,
  ADD CONSTRAINT `invoice_ibfk_7` FOREIGN KEY (`KDid`) REFERENCES `kit_delivery` (`KDid`) ON DELETE CASCADE ON UPDATE CASCADE,
  ADD CONSTRAINT `invoice_ibfk_8` FOREIGN KEY (`PSid`) REFERENCES `payment_status` (`PSid`) ON DELETE CASCADE ON UPDATE CASCADE;
COMMIT;

/*!40101 SET CHARACTER_SET_CLIENT=@OLD_CHARACTER_SET_CLIENT */;
/*!40101 SET CHARACTER_SET_RESULTS=@OLD_CHARACTER_SET_RESULTS */;
/*!40101 SET COLLATION_CONNECTION=@OLD_COLLATION_CONNECTION */;
